{
  "r2_score": 0.8667358925492844,
  "mse": 0.009994503665404924,
  "rmse": 0.09997251454977475,
  "mae": 0.07537344882249743
}