{
  "accuracy": 0.44069444444444444,
  "precision": 0.432104285682114,
  "recall": 0.44069444444444444,
  "f1_score": 0.4335717583367009
}