{
  "r2_score": 0.18171746806966527,
  "mse": 196.43797226159518,
  "rmse": 14.015633138092449,
  "mae": 11.037735378199487
}