{
  "r2_score": 0.8533916719014135,
  "mse": 0.010696953104732036,
  "rmse": 0.10342607555511345,
  "mae": 0.07866614869077473
}