{
  "r2_score": 0.8533916719014135,
  "mse": 0.010696953104732032,
  "rmse": 0.10342607555511343,
  "mae": 0.0786661486907747
}