{
  "r2_score": 0.8533916719014135,
  "mse": 0.01069695310473203,
  "rmse": 0.10342607555511342,
  "mae": 0.0786661486907747
}