{
  "accuracy": 0.4591028090285148,
  "precision": 0.4486805416942396,
  "recall": 0.4591028090285148,
  "f1_score": 0.45100361751700785
}