{
  "r2_score": 0.23700946464972883,
  "mse": 241.0556715349024,
  "rmse": 15.525967652127271,
  "mae": 12.630846876979664
}